_id|isPb|wpm|acc|rawWpm|consistency|charStats|mode|mode2|quoteLength|restartCount|testDuration|afkDuration|incompleteTestSeconds|punctuation|numbers|language|funbox|difficulty|lazyMode|blindMode|bailedOut|tags|timestamp
637444a19500f305f264b4d6||80.39|96.54|83.99|73.46|402,5,0,2|time|60||1|60.01|0|0.41|false|false|english|none|normal|false|false|false||1668564129072
6373b91ea027586892f94b5c||81.2|95.16|85.2|80.07|406,6,3,2|time|60|-1|0|60|0|0|false|false|english|none|normal|false|false|false||1668528414000
6373b763a027586892f46adc||80.39|95.45|86.99|79.98|402,9,0,1|time|60|-1|1|60.01|0|6.64|false|false|english|none|normal|false|false|false||1668527971000
63730f6e31bc82843013e46e||75|94.89|79.8|76.04|375,4,3,0|time|60|-1|0|60|0|0|false|false|english|none|normal|false|false|false||1668484974000
6371ff6e31bc828430954254||76.39|94|80.59|71.06|382,7,2,0|time|60|-1|0|60.01|0|0|false|false|english|none|normal|false|false|false||1668415342000
6371c66731bc828430477a52||79|94.05|83.8|76.08|395,6,3,0|time|60|-1|0|60|0|0|false|false|english|none|normal|false|false|false||1668400743000
63712a0d31bc82843071aa1e||72.39|93.2|81.19|80.2|362,15,0,5|time|60|-1|0|60.01|0|0|false|false|english|none|normal|false|false|false||1668360717000
6371208131bc8284306311ab||83.39|98.15|85.79|78.22|417,3,0,0|time|60|-1|2|60.01|0|16.08|false|false|english|none|normal|false|false|false||1668358273000
636f9cef31bc8284304d63d5||81.59|94.56|87.19|82.29|408,9,5,0|time|60|-1|0|60.01|0|0|false|false|english|none|normal|false|false|false||1668259055000
636f2b6731bc828430adac31||75.79|94.08|80.99|76.79|379,6,3,0|time|60|-1|0|60.01|0|0|false|false|english|none|normal|false|false|false||1668229991000
636e79e831bc828430bb1ac8||77.59|93.74|84.59|78.21|388,12,3,1|time|60|-1|0|60.01|0|0|false|false|english|none|normal|false|false|false||1668184552000
636df84731bc8284300733a6||79.99|92.95|87.99|79.33|400,15,2,1|time|60|-1|0|60.01|0|0|false|false|english|none|normal|false|false|false||1668151367000
636d2bab31bc828430ed4f06||79.15|97.14|82.35|78.49|99,0,0,1|time|15|-1|0|15.01|0|0|false|false|english|none|normal|false|false|false||1668098987000
636d26fe31bc828430e39619||90.34|98.29|93.54|89.32|113,0,1,0|time|15|-1|2|15.01|0|13.2|false|false|english|none|normal|false|false|false||1668097790000
636d26da31bc828430e3944e||81.55|96.33|86.34|84.54|102,2,0,0|time|15|-1|3|15.01|0|12.08|false|false|english|none|normal|false|false|false||1668097754000
636d266131bc828430e38d79||87.94|99.13|91.94|86.81|110,0,0,1|time|15|-1|0|15.01|0|0|false|false|english|none|normal|false|false|false||1668097633000
636d217531bc828430de8e69||87.14|99.1|87.14|86.22|109,0,0,0|time|15|-1|1|15.01|0|6.44|false|false|english|none|normal|false|false|false||1668096373000
636d215d31bc828430de8d28||76.75|97.12|81.55|79.29|96,0,0,1|time|15|-1|2|15.01|0|10.83|false|false|english|none|normal|false|false|false||1668096349000
636d213831bc828430de8b3c||88|100|88|88.15|110,0,0,0|time|15|-1|1|15|0|7.43|false|false|english|none|normal|false|false|false||1668096312000
636d211d31bc828430de89d2||77.55|90.74|83.14|75.57|97,5,1,0|time|15|-1|0|15.01|0|0|false|false|english|none|normal|false|false|false||1668096285000
636c60aa31bc828430d3f81f||71.95|97|79.15|85.86|90,0,0,2|time|15|-1|0|15.01|0|0|false|false|english|none|normal|false|false|false||1668047018000
636c609931bc828430d3f79d||83.14|98.17|86.34|83.74|104,1,0,0|time|15|-1|0|15.01|0|0|false|false|english|none|normal|false|false|false||1668047001000
636c608831bc828430d3f70a||75.95|92.45|79.15|81.04|95,0,1,0|time|15|-1|0|15.01|0|0|false|false|english|none|normal|false|false|false||1668046984000
636c607731bc828430d3f692||76.7|90|87.08|78.49|96,7,1,1|time|15|-1|2|15.02|0|23.12|false|false|english|none|normal|false|false|false||1668046967000
636b7b8f264cd938f0733516||79.95|90.98|97.53|90.1|100,6,1,2|time|15|-1|0|15.01|0|0|false|false|english|none|normal|false|false|false||1667988367000
636b7b59264cd938f073339c||81.39|95.48|86.99|79.57|407,5,4,1|time|60|-1|0|60.01|0|0|false|false|english|none|normal|false|false|false||1667988313000
636b7a26264cd938f070cf35||78.19|94.21|83.79|77.21|391,9,1,3|time|60|-1|0|60.01|0|0|false|false|english|none|normal|false|false|false||1667988006000
636b7982264cd938f06e6d5a||76.19|90.72|85.79|78.98|381,18,5,0|time|60|-1|0|60.01|0|0|false|false|english|none|normal|false|false|false||1667987842000
636b4191264cd938f0216b5b||77.6|93.82|82|76.66|388,10,1,1|time|60|-1|2|60|0|6.67|false|false|english|none|normal|false|false|false||1667973521000
6369347711abbca92330cd1f||78.39|93.94|83.59|74.11|392,8,5,2|time|60|-1|0|60.01|0|0|false|false|english|none|normal|false|false|false||1667839095000
63690b2211abbca923f641e2||79.37|94.41|84.77|78.06|397,13,3,2|time|60|-1|0|60.02|0|0|false|false|english|none|normal|false|false|false||1667828514000
6369041711abbca923ec8921||79.79|96.48|83.99|75.78|399,5,2,2|time|60|-1|0|60.01|0|0|false|false|english|none|normal|false|false|false||1667826711000
6369034311abbca923ec7fef||77.79|95.44|81.39|72.4|389,6,2,1|time|60|-1|1|60.01|0|3.43|false|false|english|none|normal|false|false|false||1667826499000
6367616311abbca923b1adf3||79.99|93.69|85.99|79.33|400,10,4,1|time|60|-1|0|60.01|0|0|false|false|english|none|normal|false|false|false||1667719523000
6366660811abbca9235e77da||81.19|96.8|86.79|81.73|406,5,2,0|time|60|-1|1|60.01|0|0.42|false|false|english|none|normal|false|false|false||1667655176000
6366073111abbca923dd9e54||72.59|93.87|78.39|74.84|363,7,3,1|time|60|-1|0|60.01|0|0|false|false|english|none|normal|false|false|false||1667630897000
6365f76811abbca923c5d78e||71.19|90.63|79.79|72.4|356,12,4,5|time|60|-1|0|60.01|0|0|false|false|english|none|normal|false|false|false||1667626856000
636519eb11abbca923972ff5||78.19|95.98|83.39|78.42|391,4,2,2|time|60|-1|0|60.01|0|0|false|false|english|none|normal|false|false|false||1667570155000
636519a811abbca923972c83||66.4|85.44|82.4|86.07|83,10,2,1|time|15|-1|1|15|0|0.84|false|false|english|none|normal|false|false|false||1667570088000
63635d1711abbca9233b162c||72|92.31|81.6|81.4|90,3,1,1|time|15|-1|0|15|0|0|false|false|english|none|normal|false|false|false||1667456279000
63635d0511abbca9233b15b9||74.4|93.33|82.4|79.13|93,3,1,0|time|15|-1|1|15|0|7.36|false|false|english|none|normal|false|false|false||1667456261000
63635ceb11abbca9233b1522||80.8|96.4|88.8|73.98|101,2,0,1|time|15|-1|0|15|0|0|false|false|english|none|normal|false|false|false||1667456235000
636328ef11abbca923f3b61f||80|92.73|87.2|88.15|100,5,1,0|time|15|-1|0|15|0|0|false|false|english|none|normal|false|false|false||1667442927000
6362166711abbca9237e21c3||88.68|98.28|92.68|83.33|111,1,0,0|time|15|-1|0|15.02|0|0|false|false|english|none|normal|false|false|false||1667372647000
6362162711abbca9237e2050||77.19|93.18|82.99|81.72|386,13,1,3|time|60|-1|0|60.01|0|0|false|false|english|none|normal|false|false|false||1667372583000
6360eb2811abbca923e82256||81|94.1|87.6|85.77|405,16,3,2|time|60|-1|0|60|0|0|false|false|english|none|normal|false|false|false||1667296040000
6360c70c11abbca923b429d9||73.59|93.6|78.19|73.24|368,8,3,0|time|60|-1|0|60.01|0|0|false|false|english|none|normal|false|false|false||1667286796000
635f85a911abbca923031976||76.4|93.63|83.8|80.52|382,13,4,0|time|60|-1|1|60|0|1.46|false|false|english|none|normal|false|false|false||1667204521000
635e6b35cf8104a14d9c9ebc||73.99|94.55|78.59|73.18|370,6,3,0|time|60|-1|0|60.01|0|0|false|false|english|none|normal|false|false|false||1667132213000
635a64f1c8c818a0953d1b6e||78.19|93.33|85.99|83.37|391,12,6,0|time|60|-1|0|60.01|0|0|false|false|english|none|normal|false|false|false||1666868465000
635a510ec8c818a09520efe5||76.19|96.6|81.19|78.99|381,3,0,3|time|60|-1|0|60.01|0|0|false|false|english|none|normal|false|false|false||1666863374000
635a0e1cc8c818a095c7b0b6||77.39|94.77|82.79|77.1|387,9,2,4|time|60|-1|0|60.01|0|0|false|false|english|none|normal|false|false|false||1666846236000
6359053dc8c818a09564e200||75.99|92.67|81.59|75.37|380,11,2,1|time|60|-1|0|60.01|0|0|false|false|english|none|normal|false|false|false||1666778429000
6358b5cfc8c818a095f919c5||76|93.54|79.8|76.86|380,6,2,1|time|60|-1|1|60|0|3.9|false|false|english|none|normal|false|false|false||1666758095000
63501ddf06e312a006aac189||85.2|98.16|86|85.42|426,2,1,0|time|60|-1|0|60|0|0|false|false|english|none|normal|false|false|false||1666194911000
63501c5a06e312a006aaac82||74.39|94.53|79.39|80.29|372,10,3,0|time|60|-1|0|60.01|0|0|false|false|english|none|normal|false|false|false||1666194522000
634fcb9806e312a0063f1530||78.19|97.54|78.99|78.52|391,0,0,1|time|60|-1|0|60.01|0|0|false|false|english|none|normal|false|false|false||1666173848000
634f9a5906e312a006fe5f6e||86.4|96.92|90.6|85.65|432,7,2,1|time|60|-1|0|60|0|0|false|false|english|none|normal|false|false|false||1666161241000
634e5aaa16996242662e7062||74.98|94.76|81.37|79.97|375,5,1,2|time|60|-1|0|60.02|0|0|false|false|english|none|normal|false|false|false||1666079402000
634e55da1699624266254618||84|95.14|90|79.56|420,10,3,4|time|60|-1|2|60|0|12.36|false|false|english|none|normal|false|false|false||1666078170000
634e4ed316996242661c0ba6||83.37|96.57|85.97|79.62|417,7,0,1|time|60|-1|0|60.02|0|0|false|false|english|none|normal|false|false|false||1666076371000
634e24e81699624266e93ca9||75.39|95.43|81.19|80.32|377,6,3,0|time|60|-1|0|60.01|0|0|false|false|english|none|normal|false|false|false||1666065640000
634c0338169962426618eb5b||76.79|93.56|80.99|75.83|384,6,5,1|time|60|-1|0|60.01|0|0|false|false|english|none|normal|false|false|false||1665925944000
634b9af6169962426693efc5||70.99|91.67|79.99|72.25|355,13,6,4|time|60|-1|0|60.01|0|0|false|false|english|none|normal|false|false|false||1665899254000
634407d7a9e0f04cda5f5690||74.8|97.15|76.6|77.23|374,6,1,0|time|60|-1|0|60|0|0|false|false|english|none|normal|false|false|false||1665402839000
634003bae65ec91000dd4e68||77.59|93.26|84.19|75.68|388,11,3,2|time|60|-1|0|60.01|0|0|false|false|english|none|normal|false|false|false||1665139642000
633ff762e65ec91000cb4be6||77.19|96.75|78.59|76.34|386,3,1,1|time|60|-1|0|60.01|0|0|false|false|english|none|normal|false|false|false||1665136482000
633fcc12e65ec910009518ca||74.39|93.7|80.19|71.06|372,7,2,1|time|60|-1|0|60.01|0|0|false|false|english|none|normal|false|false|false||1665125394000
633f01a4e65ec910008e513f||74.99|97.21|77.39|76.19|375,1,2,0|time|60|-1|2|60.01|0|26.31|false|false|english|none|normal|false|false|false||1665073572000
633f0145e65ec910008e4c3b||72.6|94.99|77.8|74.42|363,6,0,3|time|60|-1|0|60|0|0|false|false|english|none|normal|false|false|false||1665073477000
633592607d21d9a8806b5173||75.2|95.05|77.4|69.95|376,4,0,0|time|60|-1|2|60|0|34.48|false|false|english|none|normal|false|false|false||1664455264000
633586b17d21d9a8805ddb52|true|86.6|97.37|91|86.8|433,7,1,2|time|60|-1|0|60|0|0|false|false|english|none|normal|false|false|false||1664452273000
633585737d21d9a8805dd10c||76.8|95.59|78.8|77.73|384,3,2,0|time|60|-1|2|60|0|9.67|false|false|english|none|normal|false|false|false||1664451955000
633579ac48764290787ee8c1||72.2|93.27|77.4|73.59|361,10,0,2|time|60|-1|1|60|0|0.4|false|false|english|none|normal|false|false|false||1664448940000
633520f748764290780fd995||74.6|94.22|80.4|75.2|373,8,2,2|time|60|-1|0|60|0|0|false|false|english|none|normal|false|false|false||1664426231000
63339dcb552998cb018380b8||79.4|93.94|83.2|81.98|397,7,2,1|time|60|-1|2|60|0|33.93|false|false|english|none|normal|false|false|false||1664327115000
6333088e5d7cf3354cb92dc3||78.19|91.69|86.39|76.35|391,13,5,1|time|60|-1|0|60.01|0|0|false|false|english|none|normal|false|false|false||1664288910000
6332ffa65d7cf3354cb01546||80.6|94.77|86.6|75.02|403,12,3,0|time|60|-1|0|60|0|0|false|false|english|none|normal|false|false|false||1664286630000
6332fbff5d7cf3354cab952b||77|92.68|86.8|80.73|385,17,5,1|time|60|-1|0|60|0|0|false|false|english|none|normal|false|false|false||1664285695000
6332a9345d7cf3354c411428||73.2|91.96|82.8|80.21|366,13,3,2|time|60|-1|0|60|0|0|false|false|english|none|normal|false|false|false||1664264500000
63326eef5d7cf3354cfa51e7||81.39|96.19|87.79|79.4|407,4,1,1|time|60|-1|1|60.01|0|0.84|false|false|english|none|normal|false|false|false||1664249583000
63326e895d7cf3354cfa4f6e||75.2|93.13|82.4|76.93|376,12,4,1|time|60|-1|0|60|0|0|false|false|english|none|normal|false|false|false||1664249481000
63317571932c80e3ab1ebb21||75.19|91.75|82.99|76.48|376,15,4,2|time|60|-1|1|60.01|0|3.56|false|false|english|none|normal|false|false|false||1664185713000
632fe7a8223bd1e9ceffa5b7||72.39|92.02|76.79|71.68|362,11,3,1|time|60|-1|0|60.01|0|0|false|false|english|none|normal|false|false|false||1664083880000
632fe2fd223bd1e9cef6e7f9||77.79|91.48|87.79|84.2|389,18,6,1|time|60|-1|2|60.01|0|4.01|false|false|english|none|normal|false|false|false||1664082685000
632dc38293d748e72c89185d||78.99|92.74|86.19|73.73|395,14,2,5|time|60|-1|0|60.01|0|0|false|false|english|none|normal|false|false|false||1663943554000
632d990693d748e72c53cb5a||79.4|96.67|82.6|76.23|397,4,1,1|time|60|-1|1|60|0|15.49|false|false|english|none|normal|false|false|false||1663932678000
632d7a7393d748e72c2c542f||82.39|95.5|86.99|77.36|412,5,2,1|time|60|-1|0|60.01|0|0|false|false|english|none|normal|false|false|false||1663924851000
632d350993d748e72cd4a079||77.39|92.56|83.79|73.88|387,14,2,1|time|60|-1|0|60.01|0|0|false|false|english|none|normal|false|false|false||1663907081000
632d311593d748e72cd03991||75.39|92|82.79|78.39|377,14,3,5|time|60|-1|0|60.01|0|0|false|false|english|none|normal|false|false|false||1663906069000
632d180c93d748e72cb17e88||73.59|92.65|83.39|77.38|368,17,3,2|time|60|-1|0|60.01|0|0|false|false|english|none|normal|false|false|false||1663899660000
632aee105094b44afdd93f4c||81.6|97.65|85|74.58|408,4,3,0|time|60|-1|2|60|2|13.23|false|false|english|none|normal|false|false|false||1663757840000
632aed7d5094b44afdd93bb2||88.8|96.62|94|82.29|222,4,1,0|time|30|-1|0|30|0|0|false|false|english|none|normal|false|false|false||1663757693000
632adf6e5094b44afdc7c5b0||85.6|95.96|88|84.2|214,4,1,0|time|30|-1|0|30|0|0|false|false|english|none|normal|false|false|false||1663754094000
632adf4e5094b44afdc7c4f5||72.78|94.55|78.37|74.3|182,5,0,1|time|30|-1|0|30.01|0|0|false|false|english|none|normal|false|false|false||1663754062000
6329398174372078d61c6ea3||88.4|100|88.4|83.38|221,0,0,0|time|30|-1|1|30|0|4.58|false|false|english|none|normal|false|false|false||1663646081000
632733ef6d362617a7bcd962||75.97|93.36|82.77|79.08|190,5,2,0|time|30|-1|0|30.01|0|0|false|false|english|none|normal|false|false|false||1663513583000
632729756d362617a7af465e||71.6|92.82|79.6|75.28|179,3,2,1|time|30|-1|0|30|0|0|false|false|english|none|normal|false|false|false||1663510901000
632729566d362617a7af4412||84.77|92.8|94.37|86.98|212,11,2,1|time|30|-1|0|30.01|0|0|false|false|english|none|normal|false|false|false||1663510870000
63255ae66d362617a770a6d8||88.37|100|88.37|86.21|221,0,0,0|time|30|-1|1|30.01|0|1.95|false|false|english|none|normal|false|false|false||1663392486000
63231e0290677ffc5e0ff2dc||84.37|96.86|87.57|79.25|211,1,0,2|time|30|-1|1|30.01|0|22.89|false|false|english|none|normal|false|false|false||1663245826000
63231cb690677ffc5e0fe60c||77.6|91.71|84|74.59|194,6,3,0|time|30|-1|0|30|0|0|false|false|english|none|normal|false|false|false||1663245494000
632303a090677ffc5ef17b00||69.15|90|82.74|84.79|173,11,2,2|time|30|-1|0|30.02|0|0|false|false|english|none|normal|false|false|false||1663239072000
6323037390677ffc5ef179cf||84.8|95.3|93.2|82.99|212,5,1,1|time|30|-1|0|30|0|0|false|false|english|none|normal|false|false|false||1663239027000
6322986990677ffc5e6b7a92||80.4|96.63|80.4|79.97|201,0,0,0|time|30|-1|0|30|0|0|false|false|english|none|normal|false|false|false||1663211625000
6322984490677ffc5e6b7988||76.77|92.17|84.37|79.59|192,7,1,2|time|30|-1|1|30.01|0|7.85|false|false|english|none|normal|false|false|false||1663211588000
6321da1f90677ffc5e8049ad||74.4|93.9|83.2|71.06|186,5,1,0|time|30|-1|1|30|0|0.89|false|false|english|none|normal|false|false|false||1663162911000
6321cc2490677ffc5e6ec00e|true|92|98.74|94.8|87.85|230,1,0,0|time|30|-1|0|30|0|0|false|false|english|none|normal|false|false|false||1663159332000
6321a6e290677ffc5e435789||85.57|93.67|94.77|88.99|214,9,2,2|time|30|-1|0|30.01|0|0|false|false|english|none|normal|false|false|false||1663149794000
6321941f90677ffc5e298226||72.8|90.64|77.6|66.16|182,6,2,0|time|30|-1|0|30|0|0|false|false|english|none|normal|false|false|false||1663144991000
632193fb90677ffc5e29813c||80.37|94.44|83.57|76.65|201,2,1,0|time|30|-1|0|30.01|0|0|false|false|english|none|normal|false|false|false||1663144955000
632191c790677ffc5e29729f||80.37|96.71|82.77|72.7|201,0,1,0|time|30|-1|0|30.01|0|0|false|false|english|none|normal|false|false|false||1663144391000
632191a790677ffc5e2971aa||74|91.67|85.6|80.89|185,10,1,1|time|30|-1|0|30|0|0|false|false|english|none|normal|false|false|false||1663144359000
6320886290677ffc5edfe967||82.4|94.67|89.2|79.71|206,6,1,0|time|30|-1|0|30|0|0|false|false|english|none|normal|false|false|false||1663076450000
631fead790677ffc5e1db283||78.77|94.06|87.17|86.23|197,6,3,0|time|30|-1|0|30.01|0|0|false|false|english|none|normal|false|false|false||1663036119000
631feab790677ffc5e1db19d||76|93.81|84|77.87|190,8,1,1|time|30|-1|0|30|0|0|false|false|english|none|normal|false|false|false||1663036087000
631fea9690677ffc5e1db084||81.6|97.7|86.8|81.91|204,2,1,0|time|30|-1|0|30|0|0|false|false|english|none|normal|false|false|false||1663036054000
631e0655fba87af969ab6d57||83.17|96.83|87.17|78.54|208,1,1,1|time|30|-1|0|30.01|0|0|false|false|english|none|normal|false|false|false||1662912085000
631df160fba87af969919f3e|true|90.8|98.28|92|83.15|227,0,0,1|time|30|-1|0|30|0|0|false|false|english|none|normal|false|false|false||1662906720000
631df13afba87af969919e15||86.4|98.18|86.4|76.29|108,0,0,0|time|15|-1|0|15|0|0|false|false|english|none|normal|false|false|false||1662906682000
631df129fba87af969919db0||79.15|98.02|79.15|72.1|99,0,0,0|time|15|-1|0|15.01|0|0|false|false|english|none|normal|false|false|false||1662906665000
631df113fba87af969919d1a||80|98.08|80|77.37|100,0,0,0|time|15|-1|0|15|0|0|false|false|english|none|normal|false|false|false||1662906643000
631df102fba87af969919ca0||79.95|98.17|87.14|77.83|100,0,0,2|time|15|-1|2|15.01|0|12.73|false|false|english|none|normal|false|false|false||1662906626000
631d7005fba87af969f32314||87.94|98.26|91.94|89.71|110,1,0,0|time|15|-1|0|15.01|0|0|false|false|english|none|normal|false|false|false||1662873605000
631d6ff4fba87af969f322a4||77.55|94.29|83.94|80.48|97,3,1,1|time|15|-1|0|15.01|0|0|false|false|english|none|normal|false|false|false||1662873588000
631d6fdbfba87af969f321f8||70.4|89.22|79.2|86.63|88,6,1,1|time|15|-1|0|15|0|0|false|false|english|none|normal|false|false|false||1662873563000
631b446efba87af9694ee9a3||92|99.14|92|84.72|115,0,0,0|time|15|-1|0|15|0|0|false|false|english|none|normal|false|false|false||1662731374000
631b3134fba87af969350aec||88|96.55|92|87.1|110,2,0,1|time|15|-1|0|15|0|0|false|false|english|none|normal|false|false|false||1662726452000
631b310afba87af969350939||88.8|100|88.8|87.13|111,0,0,0|time|15|-1|1|15|0|7.54|false|false|english|none|normal|false|false|false||1662726410000
631b2d08fba87af96930b6b7||81.6|94.55|88|89.24|102,4,1,0|time|15|-1|1|15|0|0.72|false|false|english|none|normal|false|false|false||1662725384000
631b2cebfba87af96930b5a3||89.54|100|89.54|88.15|112,0,0,0|time|15|-1|0|15.01|0|0|false|false|english|none|normal|false|false|false||1662725355000
631b2a59fba87af9692c72a7||79.95|92.79|87.94|83.05|100,4,1,0|time|15|-1|0|15.01|0|0|false|false|english|none|normal|false|false|false||1662724697000
631b2a48fba87af9692c7218||68.8|86.09|89.6|80.56|86,5,5,0|time|15|-1|0|15|0|0|false|false|english|none|normal|false|false|false||1662724680000
631b2a0afba87af9692c7030||94.4|100|94.4|87.84|118,0,0,0|time|15|-1|0|15|0|0|false|false|english|none|normal|false|false|false||1662724618000
631b29f9fba87af9692c6faf||80.75|96.36|87.94|82.99|101,2,0,1|time|15|-1|1|15.01|0|4.75|false|false|english|none|normal|false|false|false||1662724601000
631affdf2193818996e817d9||89.54|99.14|92.74|84.72|112,0,0,1|time|15|-1|0|15.01|0|0|false|false|english|none|normal|false|false|false||1662713823000
631affc72193818996e81734||83.14|91.53|94.34|89.76|104,6,2,0|time|15|-1|0|15.01|0|0|false|false|english|none|normal|false|false|false||1662713799000
631ac7042193818996a3d2a6||70.4|87.96|85.6|84.62|88,7,2,1|time|15|-1|0|15|0|0|false|false|english|none|normal|false|false|false||1662699268000
631ac6f32193818996a3d230||82.35|99.08|87.14|88.25|103,0,0,1|time|15|-1|1|15.01|0|1.93|false|false|english|none|normal|false|false|false||1662699251000
631ac5ad2193818996a3c9f6||65.6|89.32|77.6|60.63|82,3,1,1|time|15|-1|1|15|0|1.53|false|false|english|none|normal|false|false|false||1662698924000
631ac4fe2193818996a3c5a6||80.8|97.39|92|83.73|101,1,0,2|time|15|-1|2|15|0|23.53|false|false|english|none|normal|false|false|false||1662698750000
631ac48d21938189969f9507||92.8|100|92.8|90.02|116,0,0,0|time|15|-1|0|15|0|0|false|false|english|none|normal|false|false|false||1662698637000
6319b52d23439691db67b4ca||79.2|96.23|84|81.76|99,2,0,1|time|15|-1|1|15|0|4.44|false|false|english|none|normal|false|false|false||1662629165000
6319b51723439691db67b43e||81.55|96.26|84.74|78.98|102,2,0,1|time|15|-1|0|15.01|0|0|false|false|english|none|normal|false|false|false||1662629143000
6319b50723439691db67b3d9||69.6|94.95|78.4|74.17|87,2,0,1|time|15|-1|0|15|0|0|false|false|english|none|normal|false|false|false||1662629127000
6319ae1823439691db5f3108||71.2|100|71.2|68.34|89,0,0,0|time|15|-1|0|15|0|0|false|false|english|none|normal|false|false|false||1662627352000
6319768623439691db1b11a2||76.7|94.29|83.89|87.22|96,4,0,2|time|15|-1|1|15.02|0|0.66|false|false|english|none|normal|false|false|false||1662613126000
6318869b23439691dbf7c7d6||81.55|91.15|88.74|88.26|102,6,1,0|time|15|-1|0|15.01|0|0|false|false|english|none|normal|false|false|false||1662551707000
6318868a23439691dbf7c75c||87.2|97.41|92.8|90.02|109,1,1,0|time|15|-1|1|15|0|1.33|false|false|english|none|normal|false|false|false||1662551690000
63175ddbd7e9821dfad656f5||91.2|96.69|96.8|88.49|114,2,1,0|time|15|-1|1|15|0|1.2|false|false|english|none|normal|false|false|false||1662475739000
63175dc7d7e9821dfad65612||87.2|98.2|87.2|79.78|109,0,0,0|time|15|-1|0|15|0|0|false|false|english|none|normal|false|false|false||1662475719000
63175db6d7e9821dfad6554a||79.95|90.18|89.54|88.15|100,4,5,1|time|15|-1|2|15.01|0|9.14|false|false|english|none|normal|false|false|false||1662475702000
63175d35d7e9821dfad64fce||84.74|98.15|86.34|84.62|106,1,0,1|time|15|-1|2|15.01|0|2.47|false|false|english|none|normal|false|false|false||1662475573000
631559f818d8136fe07777ec||88|100|88|87.14|110,0,0,0|time|15|-1|2|15|0|5.83|false|false|english|none|normal|false|false|false||1662343672000
631559d818d8136fe0777709||76.8|98.08|83.2|81.4|96,0,1,0|time|15|-1|1|15|0|0.89|false|false|english|none|normal|false|false|false||1662343640000
6314a7e750d49477ce37a71d||88|97.35|88|81.95|110,0,0,0|time|15|-1|0|15|0|0|false|false|english|none|normal|false|false|false||1662298087000
6314095650d49477ce79ccc8||81.6|97.17|84.8|74.44|102,2,0,1|time|15|-1|2|15|0|6.28|false|false|english|none|normal|false|false|false||1662257494000
6314090e50d49477ce79cb47||77.55|97.06|81.55|81.24|97,1,0,2|time|15|-1|19|15.01|0|128.42|false|false|english|none|normal|false|false|false||1662257422000
631389d450d49477cee27981||76.39|94.92|80.59|74.97|382,6,1,2|time|60|-1|0|60.01|0|0|false|false|english|none|normal|false|false|false||1662224852000
6313899150d49477cee277cb||66.4|95.7|72.8|74.19|83,1,0,3|time|15|-1|0|15|0|0|false|false|english|none|normal|false|false|false||1662224785000
6310646650d49477ce1ae48b||69.38|93.95|71.78|70.65|347,3,2,0|time|60|-1|0|60.02|0|0|false|false|english|none|normal|false|false|false||1662018662000
6308d79f5caa2272ab050a91||76.99|94.15|84.19|77.04|385,11,4,1|time|60|-1|1|60.01|0|1.11|false|false|english|none|normal|false|false|false||1661523871000
63089efb5caa2272abc23778||76.6|95.41|80.6|75.94|383,5,3,0|time|60|-1|2|60|0|2.48|false|false|english|none|normal|false|false|false||1661509371000
6305fce85caa2272aba3c3c2||78.59|94.19|83.79|76.08|393,8,3,1|time|60|-1|0|60.01|0|0|false|false|english|none|normal|false|false|false||1661336808000
6305a46e5caa2272ab3c61c1||80.79|95.34|84.19|80.75|404,7,2,0|time|60|-1|1|60.01|0|1.51|false|false|english|none|normal|false|false|false||1661314158000
6304d5bf5caa2272ab4759c8||74.59|95.75|77.39|74.07|373,2,1,2|time|60|-1|1|60.01|0|27.97|false|false|english|none|normal|false|false|false||1661261247000
6304d27d5caa2272ab433218||67.18|89.92|74.78|68.94|336,18,3,1|time|60|-1|0|60.02|0|0|false|false|english|none|normal|false|false|false||1661260413000
6304b4805caa2272ab21f20f||74.59|95.13|80.59|78.87|373,5,2,1|time|60|-1|0|60.01|0|0|false|false|english|none|normal|false|false|false||1661252736000
63046cb85caa2272abcb573e||76.37|93.59|82.17|76.37|382,9,3,1|time|60|-1|2|60.02|0|38.64|false|false|english|none|normal|false|false|false||1661234360000
630435095caa2272ab8d496d||74.79|93|79.79|73.32|374,6,4,1|time|60|-1|0|60.01|0|0|false|false|english|none|normal|false|false|false||1661220105000
6303ac4f5caa2272abebedd7||75.39|95.67|81.99|78.79|377,6,3,1|time|60|-1|1|60.01|0|24.49|false|false|english|none|normal|false|false|false||1661185103000
6303abf75caa2272abebeaaf||78.8|95.51|83.6|79.38|394,7,3,2|time|60|-1|0|60|0|0|false|false|english|none|normal|false|false|false||1661185015000
6301be1f4d8250424f2f8145||72.19|93.85|74.79|72.27|361,6,1,1|time|60|-1|1|60.01|0|2.51|false|false|english|none|normal|false|false|false||1661058591000
6301bdde4d8250424f2f7fc3||68.79|94.47|72.79|67.43|344,4,0,0|time|60|-1|2|60.01|1|47.56|false|false|english|none|normal|false|false|false||1661058526000
6301bd5e4d8250424f2f7cd7||77.39|96.78|78.79|77.5|387,2,0,0|time|60|-1|3|60.01|0|82.91|false|false|english|none|normal|false|false|false||1661058398000
6301bcc54d8250424f2f798b||84.4|98.61|86.4|87.37|211,2,0,1|time|30|-1|0|30|0|0|false|false|english|none|normal|false|false|false||1661058245000
6301bc9b4d8250424f2f78a5||79.15|97.17|84.74|84.96|99,2,0,0|time|15|-1|1|15.01|0|12.73|false|false|english|none|normal|false|false|false||1661058203000
6301bc6c4d8250424f2f778f||74.4|93.07|79.2|77.99|93,3,1,0|time|15|-1|0|15|0|0|false|false|english|none|normal|false|false|false||1661058156000
6301bc5a4d8250424f2f7725||76|91.74|86.4|90.64|95,4,2,0|time|15|-1|3|15|0|16.44|false|false|english|none|normal|false|false|false||1661058138000
6300d2594d8250424f1cd9cb||70.4|94.12|80.8|70.49|88,2,1,0|time|15|-1|0|15|0|0|false|false|english|none|normal|false|false|false||1660998233000
6300d2484d8250424f1cd954||71.2|98.92|74.4|82.14|89,0,0,1|time|15|-1|2|15|0|12.9|false|false|english|none|normal|false|false|false||1660998216000
6300d2224d8250424f1cd863||78.4|91.67|86.4|87.37|98,6,1,1|time|15|-1|0|15|0|0|false|false|english|none|normal|false|false|false||1660998178000
62fe0c714d8250424fdef92c||85.6|96.52|90.4|84.44|107,0,1,0|time|15|-1|0|15|0|0|false|false|english|none|normal|false|false|false||1660816497000
62fe0c604d8250424fdef8cf||77.6|93.52|85.6|82.29|97,4,0,0|time|15|-1|1|15|0|6.3|false|false|english|none|normal|false|false|false||1660816480000
62fe0c484d8250424fdef830||90.34|100|90.34|86.41|113,0,0,0|time|15|-1|2|15.01|0|4.73|false|false|english|none|normal|false|false|false||1660816456000
62fdc3c04d8250424f8b1d19||80|94.64|89.6|84.64|100,4,0,0|time|15|-1|12|15|0|38.46|false|false|english|none|normal|false|false|false||1660797888000
62fdbff44d8250424f85014f||84.8|97.35|89.6|83.3|106,1,0,0|time|15|-1|0|15|0|0|false|false|english|none|normal|false|false|false||1660796916000
62fcd3204d8250424f722a21||81.6|98.08|81.6|82.17|102,0,0,0|time|15|-1|0|15|0|0|false|false|english|none|normal|false|false|false||1660736288000
62fcd30f4d8250424f72299d||83.2|98.11|83.2|77.8|104,0,0,0|time|15|-1|2|15|0|14.08|false|false|english|none|normal|false|false|false||1660736271000
62fcd2ec4d8250424f7228b8||78.4|95.15|78.4|72.44|98,0,0,0|time|15|-1|1|15|0|5.09|false|false|english|none|normal|false|false|false||1660736236000
62fcd2d44d8250424f722820||75.95|95|75.95|77.64|95,0,0,0|time|15|-1|0|15.01|0|0|false|false|english|none|normal|false|false|false||1660736212000
62fcd2c24d8250424f7227a8||79.89|92.11|89.48|82.81|100,3,2,0|time|15|-1|1|15.02|0|2.91|false|false|english|none|normal|false|false|false||1660736194000
62fcd2a84d8250424f722715||87.85|100|87.85|70.83|53,0,0,0|words|10|-1|0|7.24|0|0|false|false|english|none|normal|false|false|false||1660736168000
62fcd29c4d8250424f7226ce||90.63|100|90.63|71.55|54,0,0,0|words|10|-1|2|7.15|0|2.93|false|false|english|none|normal|false|false|false||1660736156000
62fa74404d8250424faf84b4||88.07|100|88.07|78.75|48,0,0,0|words|10|-1|3|6.54|0|6.76|false|false|english|none|normal|false|false|false||1660580928000
62fa74284d8250424faf83fe||91.23|100|91.23|82.59|52,0,0,0|words|10|-1|6|6.84|0|18.08|false|false|english|none|normal|false|false|false||1660580904000
62fa6e044d8250424fab5669||79.3|97.39|81.3|74.43|516,5,1,0|words|100|-1|2|78.08|1|4.74|false|false|english|none|normal|false|false|false||1660579332000
62f615504d8250424fa47a96||72.9|96.6|76.31|76.59|492,3,1,2|words|100|-1|4|80.99|0|33.32|false|false|english|none|normal|false|false|false||1660294480000
62f4ce934d8250424f2b8dd5|true|81.97|98.43|82.96|77.07|497,1,0,0|words|100|-1|2|72.76|0|7.81|false|false|english|none|normal|false|false|false||1660210835000
62f4ce3c4d8250424f2b8bda||87.2|100|87.2|87.22|109,0,0,0|time|15|-1|14|15|0|164.54|false|false|english|none|normal|false|false|false||1660210748000
62f227644d8250424f1f46c8|true|73.91|95.15|76.92|71.91|516,3,2,1|words|100|-1|2|83.78|0|23.42|false|false|english|none|normal|false|false|false||1660036964000
62f2262b4d8250424f1f3f0e||90.25|100|90.25|86.55|118,0,0,0|words|25|-1|0|15.69|0|0|false|false|english|none|normal|false|false|false||1660036651000
62f226194d8250424f1f3e9b||81.51|94.66|86.19|84.94|122,3,1,0|words|25|-1|1|17.96|0|5.44|false|false|english|none|normal|false|false|false||1660036633000
62f225694d8250424f1b4776||82.96|97.71|86.95|74.71|125,2,0,0|words|25|-1|10|18.08|0|37.26|false|false|english|none|normal|false|false|false||1660036457000
62f092e04d8250424f4fa8e6||79.22|96.18|86.43|85.19|143,1,2,0|words|25|-1|6|21.66|0|36.3|false|false|english|none|normal|false|false|false||1659933408000
62eb8b63c98df5e16dbbcee8|true|96.9|100|96.9|78.7|138,0,0,0|words|25|-1|1|17.09|0|15.3|false|false|english|none|normal|false|false|false||1659603811000
62eb8b23c98df5e16dbbcd60||90.34|99.12|90.34|81.52|113,0,0,0|time|15|-1|1|15.01|0|6.77|false|false|english|none|normal|false|false|false||1659603747000
62eb7a9cc98df5e16da7dd49||72.8|97.85|72.8|80.29|91,0,0,0|time|15|-1|0|15|0|0|false|false|english|none|normal|false|false|false||1659599516000
62eb7948c98df5e16da7d4c5||91.14|100|91.14|84.21|114,0,0,0|time|15|-1|7|15.01|0|20.74|false|false|english|none|normal|false|false|false||1659599176000
62eb7321c98df5e16d9fdd04||70.19|92.54|77.19|69.5|351,6,3,2|time|60|-1|3|60.01|0|7.8|false|false|english|none|normal|false|false|false||1659597601000
62eb2f40c98df5e16d53e263||71.6|90.29|76|62.84|358,4,2,0|time|60|-1|1|60|0|12.66|false|false|english|none|normal|false|false|false||1659580224000
62eb2ed9c98df5e16d4ff622||40.2|100|40.2|32.01|252,0,0,0|zen|zen|-1|1|75.22|10|3.07|false|false|english|none|normal|false|false|false||1659580121000
62eb2e5ac98df5e16d4ff32c||82.77|99.06|84.77|79.35|207,1,0,0|time|30|-1|0|30.01|0|0|false|false|english|none|normal|false|false|false||1659579994000
62ea812c9dfe09211a433f8e|true|86.77|97.36|89.17|77.71|217,0,1,0|time|30|-1|2|30.01|0|23.57|false|false|english|none|normal|false|false|false||1659535660000
62ea50b99dfe09211a0b4b62|true|84.93|97.22|91.27|82.65|67,1,0,0|custom|custom|-1|0|9.47|0|0|false|false|english|none|normal|false|false|false||1659523257000
62ea50719dfe09211a0b49d9||84|97.7|85.6|70.42|210,1,0,1|time|30|-1|4|30|0|14.38|false|false|english|none|normal|false|false|false||1659523185000
62ea500e9dfe09211a0b47d0||78.4|97.07|78.4|69.52|196,0,0,0|time|30|-1|0|30|0|0|false|false|english|none|normal|false|false|false||1659523086000
62ea4f859dfe09211a0b44dd||82.8|97.72|85.2|78.44|207,1,1,0|time|30|-1|2|30|0|2.48|false|false|english|none|normal|false|false|false||1659522949000
62ea4f279dfe09211a0b42e6||84.8|99.07|84.8|85.19|212,0,0,0|time|30|-1|1|30|0|0.26|false|false|english|none|normal|false|false|false||1659522855000
62ea4e2a9dfe09211a0b3d09||88|99.11|88|80.52|110,0,0,0|time|15|-1|0|15|0|0|false|false|english|none|normal|false|false|false||1659522602000
62ea4dc39dfe09211a0751ce||80|95.28|80.8|68.38|100,1,0,0|time|15|-1|0|15|0|0|false|false|english|none|normal|false|false|false||1659522499000
62ea4cac9dfe09211a074b4a||91.94|100|91.94|82.39|115,0,0,0|time|15|-1|0|15.01|0|0|false|false|english|none|normal|false|false|false||1659522220000
62ea4c669dfe09211a0749b4||71.15|94.06|80.75|79.37|89,4,1,0|time|15|-1|2|15.01|0|0.87|false|false|english|none|normal|false|false|false||1659522150000
62ea4c509dfe09211a07491e||85.54|100|85.54|85.64|107,0,0,0|time|15|-1|0|15.01|0|0|false|false|english|none|normal|false|false|false||1659522128000
62ea4c3d9dfe09211a074899||76|95.15|80.8|66.43|95,2,0,0|time|15|-1|0|15|0|0|false|false|english|none|normal|false|false|false||1659522109000
62ea16169dfe09211acb7325||79.4|94.47|85|76.41|397,11,3,1|time|60|-1|0|60|0|0|false|false|english|none|normal|false|false|false||1659508246000
62e92d743e8a5bf840a6c352|true|82.6|96.11|85.4|79.78|413,5,1,1|time|60|-1|0|60|0|0|false|false|english|none|normal|false|false|false||1659448692000
62e8e9bc0bd1385d8b946bcc||78.2|95.84|79.4|78|391,4,0,0|time|60|-1|1|60|0|12.52|false|false|english|none|normal|false|false|false||1659431356000
62e8e9570bd1385d8b946a1d||76.8|97.52|79.2|79.37|192,0,0,1|time|30|-1|0|30|0|0|false|false|english|none|normal|false|false|false||1659431255000
62e8e9380bd1385d8b94699c||74|95.9|75.6|75.59|185,1,0,0|time|30|-1|9|30|0|68.71|false|false|english|none|normal|false|false|false||1659431224000
62e8de900bd1385d8b8c6493||71.2|93.43|76.4|77.66|178,2,2,0|time|30|-1|3|30|0|34.89|false|false|english|none|normal|false|false|false||1659428486000
62e8bad20bd1385d8b66960e|true|86|99.54|86|83.41|215,0,0,0|time|30|-1|12|30|0|31.59|false|false|english|none|normal|false|false|false||1659419346000
62e7de5f303adee462fa5da2||75.17|95.15|79.97|76.9|188,1,1,1|time|30|-1|3|30.01|0|11.62|false|false|english|none|normal|false|false|false||1659362911000
62e7dc71303adee462fa4e92||79.57|95.79|82.77|78.06|199,2,0,1|time|30|-1|0|30.01|0|0|false|false|english|none|normal|false|false|false||1659362417000
62e79959303adee462aaca92||75.57|95.57|78.37|76.58|189,1,0,0|time|30|-1|8|30.01|0|27.37|false|false|english|none|normal|false|false|false||1659345241000
62e7671d303adee46273337c||69.2|89.15|82.4|68.59|173,10,2,1|time|30|-1|2|30|1|5.45|false|false|english|none|normal|false|false|false||1659332381000
62e766de303adee46273321b||83.2|96.8|85.6|77.87|208,1,1,0|time|30|-1|4|30|0|27.31|false|false|english|none|normal|false|false|false||1659332318000
62e76418303adee4626f3e4b||77.6|95.69|80.8|82.82|194,1,1,0|time|30|-1|1|30|0|4.53|false|false|english|none|normal|false|false|false||1659331608000
62e763f1303adee4626f3d70||80|97.62|82.8|85.25|200,1,0,0|time|30|-1|2|30|0|7.27|false|false|english|none|normal|false|false|false||1659331569000
62e7636b303adee4626f3ad8||81.97|97.62|81.97|81.93|205,0,0,0|time|30|-1|6|30.01|0|75.79|false|false|english|none|normal|false|false|false||1659331435000
62e39d4f303adee4622f69a2|true|85.17|100|85.17|89.49|213,0,0,0|time|30|-1|0|30.01|0|0|false|false|english|none|normal|false|false|false||1659084111000
62e39d2f303adee4622f6903||76.4|97.49|78.8|77.14|191,1,1,0|time|30|-1|6|30|0|28.45|false|false|english|none|normal|false|false|false||1659084079000
62e38763303adee46217b677||82.4|95.93|87.2|84.14|206,3,1,0|time|30|-1|0|30|0|0|false|false|english|none|normal|false|false|false||1659078499000
62e36d12303adee462fc06d9||79.6|96.65|82|82.04|199,1,1,0|time|30|-1|4|30|0|48.81|false|false|english|none|normal|false|false|false||1659071762000
62e36054303adee462ec3c5e||68.8|92.02|71.2|73.96|172,4,1,0|time|30|-1|1|30|0|18.77|false|false|english|none|normal|false|false|false||1659068500000
62e342c9303adee462cc8fb1||79.57|95.39|85.57|83.77|199,4,0,1|time|30|-1|14|30.01|0|83.29|false|false|english|none|normal|false|false|false||1659060937000
62e33b2c303adee462c0c108||72|92.89|74.4|66.95|180,3,1,0|time|30|-1|1|30|0|0.38|false|false|english|none|normal|false|false|false||1659058988000
62e28d21303adee462fefb63||75.97|98.48|77.97|82.24|190,0,0,1|time|30|-1|3|30.01|0|5.53|false|false|english|none|normal|false|false|false||1659014433000
62e0fdca303adee4623cefd2||69.2|95.11|70|71.85|173,1,0,0|time|30|-1|4|30|0|52.34|false|false|english|none|normal|false|false|false||1658912202000
62e0fd73303adee4623cee25||69.2|90.82|74.4|70.76|173,5,1,1|time|30|-1|3|30|0|11.7|false|false|english|none|normal|false|false|false||1658912115000
62e0fd41303adee4623ced2a||86.4|99.08|86.4|84.54|108,0,0,0|time|15|-1|1|15|0|11.28|false|false|english|none|normal|false|false|false||1658912065000
62df8192303adee462934390||82.4|99.04|82.4|84.68|103,0,0,0|time|15|-1|4|15|0|19.19|false|false|english|none|normal|false|false|false||1658814866000
62df8159303adee462934276||84|96.36|85.6|85.34|105,1,0,0|time|15|-1|0|15|0|0|false|false|english|none|normal|false|false|false||1658814809000
62df8148303adee46293422d||81.6|97.27|88|82.99|102,2,0,0|time|15|-1|0|15|0|0|false|false|english|none|normal|false|false|false||1658814792000
62df8138303adee4629341d6||76|95.96|76|79.45|95,0,0,0|time|15|-1|0|15|0|0|false|false|english|none|normal|false|false|false||1658814776000
62df8126303adee46293417e||88.8|100|88.8|86.22|111,0,0,0|time|15|-1|0|15|0|0|false|false|english|none|normal|false|false|false||1658814758000
62df7e1a303adee4628f5568||86.4|98.23|90.4|89.31|108,1,0,0|time|15|-1|11|15|0|45.33|false|false|english|none|normal|false|false|false||1658813978000
62df7d68303adee4628f520c||85.6|98.2|88.8|88.12|107,0,1,0|time|15|-1|0|15|0|0|false|false|english|none|normal|false|false|false||1658813800000
62df7d57303adee4628f51b0||86.4|100|86.4|87.37|108,0,0,0|time|15|-1|1|15|0|10.06|false|false|english|none|normal|false|false|false||1658813783000
62df7d3a303adee4628f5120||79.2|97.06|79.2|77.73|99,0,0,0|time|15|-1|1|15|0|0.21|false|false|english|none|normal|false|false|false||1658813754000
62df7d1c303adee4628f509e||75.2|95.24|82.4|80.48|94,1,1,0|time|15|-1|0|15|0|0|false|false|english|none|normal|false|false|false||1658813724000
62df7d0b303adee4628f5047||78.4|91.89|87.2|86.22|98,5,1,1|time|15|-1|1|15|0|0.26|false|false|english|none|normal|false|false|false||1658813707000
62df7cf9303adee4628f4fe5||76.7|96.97|76.7|82.68|96,0,0,0|time|15|-1|3|15.02|0|30.29|false|false|english|none|normal|false|false|false||1658813689000
62df7c9a303adee4628f4e34||92.74|100|92.74|88.96|116,0,0,0|time|15|-1|2|15.01|0|5.79|false|false|english|none|normal|false|false|false||1658813594000
62df7579303adee4628771ca||79.95|98.13|85.54|85.64|100,1,0,0|time|15|-1|0|15.01|0|0|false|false|english|none|normal|false|false|false||1658811769000
62df7563303adee46287715e||76|96.94|78.4|80.75|95,2,0,0|time|15|-1|4|15|0|10.69|false|false|english|none|normal|false|false|false||1658811747000
62debefd303adee462baeb11||50.91|89.33|53.93|57.72|844,6,3,1|quote|5442|3|0|198.93|0|0|false|false|english|none|normal|false|false|false||1658765053000
62debe29303adee462bae578||86.56|97.1|90.49|67.96|66,1,0,0|quote|3971|0|0|9.15|0|0|false|false|english|none|normal|false|false|false||1658764841000
62debe15303adee462bae50f|true|94.79|100|94.79|86.38|47,0,0,0|words|10|-1|0|5.95|0|0|false|false|english|none|normal|false|false|false||1658764821000
62debe0d303adee462bae4db|true|77.46|93.22|77.46|68.57|55,0,0,0|words|10|-1|3|8.52|0|10.6|false|false|english|none|normal|false|false|false||1658764813000
62debde0303adee462b7074f||84.8|97.25|84.8|82.26|106,0,0,0|time|15|-1|1|15|0|2.39|false|false|english|none|normal|false|false|false||1658764768000
62debdca303adee462b706ac||76.8|92.31|76.8|77.99|96,0,0,0|time|15|-1|1|15|0|11.91|false|false|english|none|normal|false|false|false||1658764746000
62de6cea303adee4625c3acf|true|81.97|95.62|83.57|79.44|410,3,0,0|time|60|-1|8|60.02|0|100.17|false|false|english|none|normal|false|false|false||1658744042000
62de5ba8303adee4624c7027|true|78.4|96.81|79.8|77.57|392,2,1,0|time|60|-1|11|60|0|84.24|false|false|english|none|normal|false|false|false||1658739624000
62de5aef303adee4624890c2|true|73.6|95.69|75.6|76.68|368,2,0,2|time|60|-1|7|60|0|45.13|false|false|english|none|normal|false|false|false||1658739439000
62de391c303adee462252733|true|72.6|93.65|75.2|72.57|363,4,2,0|time|60|-1|0|60|0|0|false|false|english|none|normal|false|false|false||1658730780000
62de38db303adee4622525ed||78.4|91.82|85.2|76.03|196,4,5,0|time|30|-1|0|30|0|0|false|false|english|none|normal|false|false|false||1658730715000
62de38ac303adee4622524f6||78.8|95.35|82.8|77.77|197,2,0,1|time|30|-1|3|30|0|9.6|false|false|english|none|normal|false|false|false||1658730668000
62de387e303adee4622523fc||80|94.01|83.6|72.2|200,4,0,1|time|30|-1|6|30|0|30.34|false|false|english|none|normal|false|false|false||1658730622000
62de382d303adee4622146cb||78.4|95.19|80|80.32|196,1,0,0|time|30|-1|2|30|0|21.31|false|false|english|none|normal|false|false|false||1658730541000
62de2850303adee462118bd0||66|92.06|74|70.41|165,9,0,2|time|30|-1|5|30|0|12.87|false|false|english|none|normal|false|false|false||1658726480000
62de281d303adee462118abb||74.4|93.97|76|75.23|186,2,0,0|time|30|-1|0|30|0|0|false|false|english|none|normal|false|false|false||1658726429000
62de27fc303adee462118a05||80.4|98.16|86.8|86.32|201,0,2,0|time|30|-1|7|30|0|30.59|false|false|english|none|normal|false|false|false||1658726396000
62de27b3303adee46211885c||68.4|89.64|72.8|76.03|171,7,0,1|time|30|-1|1|30|0|2.77|false|false|english|none|normal|false|false|false||1658726323000
62dd6c1d303adee4623ddd4a||75.2|95|77.2|70.93|188,2,0,0|time|30|-1|5|30|0|36.84|false|false|english|none|normal|false|false|false||1658678301000
62dd6b99303adee4623dda5e|true|52.71|100|52.89|50.28|587,0,0,0|zen|zen|-1|0|133.64|5|0|false|false|english|none|normal|false|false|false||1658678169000
62dd6b02303adee4623dd6f1||44.82|88.55|48.62|51.09|189,3,0,1|quote|4555|1|22|50.6|0|80.62|false|false|english|none|normal|false|false|false||1658678018000
62dd5697303adee46226403e|true|77.71|95.42|81.85|77.98|244,4,1,0|words|50|-1|0|37.68|0|0|false|false|english|none|normal|false|false|false||1658672791000
62dc2943303adee462d9834d|true|76.34|97.74|77.53|69.23|256,0,0,1|words|50|-1|6|40.24|0|19.23|false|false|english|none|normal|false|false|false||1658595651000
62dc28f5303adee462d5a810||84.8|98.15|84.8|78.97|106,0,0,0|time|15|-1|4|15|0|5.61|false|false|english|none|normal|false|false|false||1658595573000
62dc28d9303adee462d5a75f||71.2|95.1|79.2|73.59|89,0,2,0|time|15|-1|5|15|0|20.03|false|false|english|none|normal|false|false|false||1658595545000
62dbd85c303adee4627f3f6b|true|71.8|93.06|72.9|70.54|718,3,2,0|time|120|-1|3|120|0|23.84|false|false|english|none|normal|false|false|false||1658574940000
62dbd776303adee4627b61d0||78.4|92.86|88.8|79.92|98,3,1,2|time|15|-1|9|15|0|25.46|false|false|english|none|normal|false|false|false||1658574710000
62dbd6e5303adee4627b5ea7||86.4|97.3|86.4|86.22|108,0,0,0|time|15|-1|0|15|0|0|false|false|english|none|normal|false|false|false||1658574565000
62d8d654303adee462269e17||89.6|99.12|89.6|87.3|112,0,0,0|time|15|-1|4|15|0|10.81|false|false|english|none|normal|false|false|false||1658377812000
62d8d62a303adee46222c730||80|99.01|80|75.47|100,0,0,0|time|15|-1|9|15|0|37.17|false|false|english|none|normal|false|false|false||1658377770000
62d7c645303adee462f5e583||71.2|93.94|76|66.44|89,1,1,0|time|15|-1|10|15|0|22.11|false|false|english|none|normal|false|false|false||1658308165000
62d7c5e9303adee462f5e3ce||80.8|97.25|86.4|80.24|101,1,0,0|time|15|-1|2|15|0|13.49|false|false|english|none|normal|false|false|false||1658308073000
62d7c5b7303adee462f5e2dc||88|100|88|86.21|110,0,0,0|time|15|-1|1|15|0|5.57|false|false|english|none|normal|false|false|false||1658308023000
62d7c59a303adee462f5e242||85.6|96.46|85.6|81.95|107,0,0,0|time|15|-1|0|15|0|0|false|false|english|none|normal|false|false|false||1658307994000
62d7c569303adee462f5e159||68.75|91.84|75.95|73.28|86,2,1,1|time|15|-1|2|15.01|0|14.86|false|false|english|none|normal|false|false|false||1658307945000
62d7c544303adee462f5e09d||83.2|98.11|83.2|82.5|104,0,0,0|time|15|-1|1|15|0|9.51|false|false|english|none|normal|false|false|false||1658307908000
62d7c524303adee462f5e005||84|100|84|79.8|105,0,0,0|time|15|-1|2|15|0|9.53|false|false|english|none|normal|false|false|false||1658307876000
62d7c4e6303adee462f5dee7||68.8|89.32|81.6|75.71|86,6,2,1|time|15|-1|16|15|0|50.83|false|false|english|none|normal|false|false|false||1658307814000
62d7c445303adee462f5dbe9|true|96.8|100|96.8|89.42|121,0,0,0|time|15|-1|4|15|0|8.88|false|false|english|none|normal|false|false|false||1658307653000
62d7c402303adee462f3f18e|true|84.8|98.6|84.8|83.46|212,0,0,0|time|30|-1|3|30|0|14.59|false|false|english|none|normal|false|false|false||1658307585000
62d75dd8303adee46280ecde||74.4|93.94|76.8|68.08|186,4,1,0|time|30|-1|0|30|0|0|false|false|english|none|normal|false|false|false||1658281432000
62d75d31303adee46280e97b|true|78.37|97.07|79.97|75.78|196,1,0,0|time|30|-1|2|30.01|0|9.12|false|false|english|none|normal|false|false|false||1658281265000
62d67a68303adee462872000|true|60.38|93.37|60.38|46.81|151,0,0,0|time|30|-1|2|30.01|1|10.92|false|false|english|none|normal|false|false|false||1658223208000